Group,Code,Description,UOM,Balance,Latest Price (RM),PO UOM,PO Date,Supplier
B.ACCE,BRACKET/DOUBLE,DOUBLE BRACKET,SET,210,5.80,pcs,2025-10-08,OCEAN SKY TRADING SDN. BHD.
B.ACCE,DIAM20,DIAMOND 20MM (1000 PCS/1BOX),PCS,1000,0.14,pcs,2025-08-07,OCEAN SKY TRADING SDN. BHD.
B.ACCE,NL 5/8,NAIL LEG 5/8 ( 300PCS X 10 BAG),PCS,39600,0.06,pcs,2026-03-13,OCEAN SKY TRADING SDN. BHD.
B.ACCE,SL 102,"NO.102 SPFA PLASTIC LEG (OBLIQUE) 6"" BLACK *FLOPPY* (90 PCS X 1 BAG)",PCS,990,1.50,pcs,2026-01-27,OCEAN SKY TRADING SDN. BHD.
B.ACCE,SL 13.5(E),13.5 - SOFA LEG EPOXY H130 (100 PCS X 1 BOX),PCS,200,1.85,pcs,2025-10-27,OCEAN SKY TRADING SDN. BHD.
B.ACCE,SL 26,"NO.26 SOFA LEG PLASTIC (ROUND) 1""",PCS,10000,0.10,pcs,2025-12-02,OCEAN SKY TRADING SDN. BHD.
B.ACCE,SL 27,"NO.27 SOFA LEG PLASTIC (ROUND) 2""",PCS,10200,0.22,pcs,2026-03-10,OCEAN SKY TRADING SDN. BHD.
B.ACCE,SL 38,"NO.38 SOFA PLASTIC LEG (SQUARE) 4"" (130PCS/2BAG)",PCS,11700,0.75,pcs,2026-03-13,OCEAN SKY TRADING SDN. BHD.
B.ACCE,SL B027,SOFA EPOXY METAL LEG B027 180MM (50 PCS X 1 BOX ),PCS,880,4.30,pcs,2025-12-08,OCEAN SKY TRADING SDN. BHD.
B.ACCE,SL B034B-7,"SOFA LEG 180-B034 (GUN BLACK) - 7"" (40 PCS X 1 BOX)",PCS,560,7.80,pcs,2025-11-04,OCEAN SKY TRADING SDN. BHD.
B.ACCE,SLA 120E,SOFA LEG ADJUST (H120) 12 TO 21 EPOXY SPECIAL (100PCS X 1 BOX),PCS,600,3.50,pcs,2025-12-03,OCEAN SKY TRADING SDN. BHD.
B.ACCE,SLA 95E,SOFA METAL LEG ADJUST H95 EPOXY SPECIAL (100PCS X 1 BOX),PCS,200,3.20,pcs,2025-11-01,OCEAN SKY TRADING SDN. BHD.
B.ACCE,SLA AL036,SOFA LEG (EPOXY)AL 036/H150 X 1.5 MM (40PCS X 1 BOX),PCS,1120,6.60,pcs,2026-02-12,OCEAN SKY TRADING SDN. BHD.
B.ACCE,SLC 170A,CENTER LEG KA 0216 H~170MM (BLACK) A (60 PCS X 1 BOX),PCS,120,7.30,pcs,2025-10-23,OCEAN SKY TRADING SDN. BHD.
B.FILLER,MED-PSF15.064HCS(A1),POLYESTER FIBER 15D X 64MM 10KG/BAG,KG,10280,7.60,pcs,2026-03-30,MEDITEX INDUSTRIES SDN. BHD.
B.FILLER,NLY-160G POLY FIBRE,160G POLYESTER FIBRE,KGS,252.6,13.97,pcs,2025-10-07,SYARIKAT PERNIAGAAN NAM LEONG YEW SDN BHD
B.FILLER,"NLY-D12-1.5""",WHITE SPONGE,PCS,30,14.25,pcs,2026-01-15,NLY SDN BHD
B.FILLER,"NLY-D12-1""",WHITE SPONGE,PCS,1980,9.50,pcs,2026-03-24,NLY SDN BHD
B.FILLER,"NLY-D12-2""",WHITE SPONGE,PCS,0,,,,
B.FILLER,NLY-D12-6MM,WHITE SPONGE,PCS,5345,2.51,pcs,2026-03-24,NLY SDN BHD
B.FILLER,"NLY-D16-2""",BLUE SPONGE,PCS,190,26.00,pcs,2026-03-12,NLY SDN BHD
B.FILLER,"NLY-D25-0.5""",DARK GREY SPONGE,PCS,960,10.00,pcs,2026-03-07,NLY SDN BHD
B.FILLER,"NLY-D25-1""",DARK GREY SPONGE,PCS,120,20.00,pcs,2026-02-11,NLY SDN BHD
B.FILLER,NLY-D27-10MM,L/PURPLE SPONGE,PCS,0,,,,
B.FILLER,"NLY-D27-2""",L/PURPLE SPONGE,PCS,110,43.20,pcs,2026-03-27,NLY SDN BHD
B.FILLER,"NLY-D30-1.5""",YELLOW SPONGE,PCS,30,35.25,pcs,2025-10-07,NLY SDN BHD
B.FILLER,"NLY-D30-1""",YELLOW SPONGE,PCS,0,,,,
B.FILLER,OPN-A ( 8KG X 5 ROLL),POLYESTER STAPLE FIBRE 7DLTSS (8KG X 5 ROLL),KG,440,9.50,pcs,2025-09-19,OCEAN SKY TRADING SDN. BHD.
B.FILLER,OPN-A (12KG X 10 ROLL),POLYESTER STAPLE FIBRE 7DLTSS ( 12KG X 10 ROLL),KG,2220,9.50,pcs,2025-12-15,OCEAN SKY TRADING SDN. BHD.
B.FILLER,OPN-A (12KG X 5 BAG),POLYESTER STAPLE FIBRE 7DLTSS ( 12KG X 5 BAG),KG,240,9.50,pcs,2025-12-23,OCEAN SKY TRADING SDN. BHD.
B.FILLER,OPN-A (8KG X 1 ROLL),POLYESTER STAPLE FIBRE 7DLTSS (8 KG X 1 ROLL),KG,16,9.50,pcs,2025-07-24,OCEAN SKY TRADING SDN. BHD.
B.FILLER,OPN-A (8KG X 10 ROLL),POLYESTER STAPLE FIBRE 7DTLSS (8 KG X 10 ROLL),KG,160,9.50,pcs,2025-07-14,OCEAN SKY TRADING SDN. BHD.
B.FILLER,POLY (F1),"POLYESTER POLYFILL 230 80"" X 30M (1"") 1 ROLL = 16.6KG",KG,32,12.45,pcs,2025-11-13,OCEAN SKY TRADING SDN. BHD.
B.FILLER,POLY (F1/2),"POLYESTER POLYFILL 160 80""X40M (1/2"") 1ROLL= 15.5 KG",KG,512,12.00,pcs,2025-12-31,OCEAN SKY TRADING SDN. BHD.
B.FILLER,POLYESTER FIBREFILL,"POLYESTER FIBREFILL SMA120G X 84"" X 60M X 20MM",KG,460,11.97,pcs,2026-02-11,ROSSI COMPONENTS SLEEP MATICS (ASIA) SDN BHD
B.M-FABR,AVANI 01,FABRIC,MTR,12,13.00,pcs,2025-11-21,INFAB CLASSIC INDUSTRIES SDN BHD
B.M-FABR,AVANI 02,FABRIC,MTR,44,13.00,pcs,2025-11-14,INFAB CLASSIC INDUSTRIES SDN BHD
B.M-FABR,AVANI 03,FABRIC,MTR,0,,,,
B.M-FABR,AVANI 04,FABRIC,MTR,0,,,,
B.M-FABR,AVANI 05,FABRIC,MTR,0,,,,
B.M-FABR,AVANI 06,FABRIC,MTR,0,,,,
B.M-FABR,AVANI 07,FABRIC,MTR,0,,,,
B.M-FABR,AVANI 08,FABRIC,MTR,0,,,,
B.M-FABR,AVANI 09,FABRIC,MTR,0,,,,
B.M-FABR,AVANI 10,FABRIC,MTR,0,,,,
B.M-FABR,AVANI 11,FABRIC,MTR,0,,,,
B.M-FABR,AVANI 12,FABRIC,MTR,0,,,,
B.M-FABR,AVANI 13,FABRIC,MTR,14,13.00,pcs,2025-11-21,INFAB CLASSIC INDUSTRIES SDN BHD
B.M-FABR,AVANI 14,FABRIC,MTR,0,,,,
B.M-FABR,AVANI 15,FABRIC,MTR,0,,,,
B.M-FABR,AVANI 16,FABRIC,MTR,0,,,,
B.M-FABR,AVANI 17,FABRIC,MTR,0,,,,
B.M-FABR,AVANI 18,FABRIC,MTR,0,,,,
B.M-FABR,FABR(W) B,"60"" FABRIC WHITE JOINT (B)",YRD,852,0.85,pcs,2025-12-29,OCEAN SKY TRADING SDN. BHD.
B.M-FABR,FG66151-02,PICCO FG66151-02 (FABRIC),MTR,513.6,15.00,pcs,2025-11-27,INFAB CLASSIC INDUSTRIES SDN BHD
B.M-FABR,FG66151-10,PICCO FG66151-10 (FABRIC),MTR,847.6,15.00,pcs,2026-01-24,INFAB CLASSIC INDUSTRIES SDN BHD
B.M-FABR,FG66151-15,PICCO FG66151-15 (FABRIC),MTR,252.9,13.50,pcs,2025-12-03,INFAB CLASSIC INDUSTRIES SDN BHD
B.M-FABR,FG6876-01,FG6876-01 (FABRIC),METER,13.5,20.00,pcs,2025-10-21,INFAB CLASSIC INDUSTRIES SDN BHD
B.M-FABR,KS-01,BABY WHITE,METER,0,,,,
B.M-FABR,KS-01 BABY WHITE,FABRIC,MTR,320,12.00,pcs,2026-02-06,INFAB CLASSIC INDUSTRIES SDN BHD
B.M-FABR,KS-02,BUTTER CREAM,METER,0,,,,
B.M-FABR,KS-02 BUTTER CREAM,FABRIC,MTR,169.5,14.00,pcs,2026-03-05,INFAB CLASSIC INDUSTRIES SDN BHD
B.M-FABR,KS-03,YELLOW PEPPER,METER,0,,,,
B.M-FABR,KS-03 YELLOW PEPPER,FABRIC,MTR,80,14.00,pcs,2026-01-23,INFAB CLASSIC INDUSTRIES SDN BHD
B.M-FABR,KS-04,LEATHER TAN,METER,0,,,,
B.M-FABR,KS-04 LEATHER TAN,FABRIC,MTR,0,,,,
B.M-FABR,KS-05,MID COFFEE,METER,0,,,,
B.M-FABR,KS-05 MID COFFEE,FABRIC,MTR,68,14.00,pcs,2026-03-17,INFAB CLASSIC INDUSTRIES SDN BHD
B.M-FABR,KS-06,TUMERIC BROWN,METER,0,,,,
B.M-FABR,KS-06 TUMERIC BROWN,FABRIC,MTR,18,14.00,pcs,2025-12-02,INFAB CLASSIC INDUSTRIES SDN BHD
B.M-FABR,KS-07,WONDER GRAY,METER,0,,,,
B.M-FABR,KS-07 WONDER GRAY,FABRIC,MTR,0,,,,
B.M-FABR,KS-08,SEA PINK,METER,0,,,,
B.M-FABR,KS-08 SEA PINK,FABRIC,MTR,74,14.00,pcs,2026-01-23,INFAB CLASSIC INDUSTRIES SDN BHD
B.M-FABR,KS-09,ROMANCE ROSE,METER,0,,,,
B.M-FABR,KS-09 ROMANCE ROSE,FABRIC,MTR,86,14.00,pcs,2026-02-07,INFAB CLASSIC INDUSTRIES SDN BHD
B.M-FABR,KS-10,SOFT LAVENDAR,METER,0,,,,
B.M-FABR,KS-10 SOFT LAVENDAR,FABRIC,MTR,26,14.00,pcs,2025-12-02,INFAB CLASSIC INDUSTRIES SDN BHD
B.M-FABR,KS-11,MAXI PURPLE,METER,0,,,,
B.M-FABR,KS-11 MAXI PURPLE,FABRIC,MTR,22,14.00,pcs,2025-11-14,INFAB CLASSIC INDUSTRIES SDN BHD
B.M-FABR,KS-12,CLASSIC DENIM,METER,0,,,,
B.M-FABR,KS-12 CLASSIC DENIM,FABRIC,MTR,54,14.00,pcs,2026-02-03,INFAB CLASSIC INDUSTRIES SDN BHD
B.M-FABR,KS-13,TENDER TURQOISE,METER,0,,,,
B.M-FABR,KS-13 TENDER TURQOISE,FABRIC,MTR,0,,,,
B.M-FABR,KS-14,RICH JADE,METER,0,,,,
B.M-FABR,KS-14 RICH JADE,FABRIC,MTR,0,,,,
B.M-FABR,KS-15,COOL SILVER,METER,0,,,,
B.M-FABR,KS-15 COOL SILVER,FABRIC,MTR,69.5,14.00,pcs,2026-03-26,INFAB CLASSIC INDUSTRIES SDN BHD
B.M-FABR,KS-16,ICE STEEL,METER,0,,,,
B.M-FABR,KS-16 ICE STEEL,FABRIC,MTR,10,14.00,pcs,2025-11-08,INFAB CLASSIC INDUSTRIES SDN BHD
B.M-FABR,KS-17,ROCK GRANITE,METER,0,,,,
B.M-FABR,KS-17 ROCK GRANITE,FABRIC,MTR,13.5,14.00,pcs,2025-12-12,INFAB CLASSIC INDUSTRIES SDN BHD
B.M-FABR,KS-18,GRAPHITE STONE,METER,0,,,,
B.M-FABR,KS-18 GRAPHITE STONE,FABRIC,MTR,12,14.00,pcs,2026-01-29,INFAB CLASSIC INDUSTRIES SDN BHD
B.M-FABR,KS-19,MORNING DAWN,METER,0,,,,
B.M-FABR,KS-19 MORNING DAWN,FABRIC,MTR,29.5,14.00,pcs,2026-03-05,INFAB CLASSIC INDUSTRIES SDN BHD
B.M-FABR,NV-1WP,BEIGE,MTR,64,10.00,pcs,2026-01-02,SUNMAT INDUSTRIES SDN. BHD
B.M-FABR,PC151-01,FABRIC,ROLL,27350.4,8.50,ROLL,2026-05-07,405-H001 - HOUZS CENTURY SDN BHD
B.M-FABR,PC151-02,FABRIC,ROLL,4747.6,9.51,pcs,2026-01-29,HOUZS CENTURY SDN BHD
B.M-FABR,PC151-03,FABRIC,ROLL,4776.9,9.50,pcs,2026-01-29,HOUZS CENTURY SDN BHD
B.M-FABR,PC151-04,FABRIC,ROLL,977.5,12.04,pcs,2026-01-14,MEDITEX INDUSTRIES SDN. BHD.
B.M-FABR,PC151-05,FABRIC,ROLL,100,12.07,pcs,2025-12-03,MEDITEX INDUSTRIES SDN. BHD.
B.M-FABR,PC151-06,FABRIC,ROLL,298,12.11,pcs,2026-01-02,MEDITEX INDUSTRIES SDN. BHD.
B.M-FABR,PC151-07,FABRIC,ROLL,110,12.07,pcs,2025-11-20,MEDITEX INDUSTRIES SDN. BHD.
B.M-FABR,PC151-08,FABRIC,ROLL,77.5,12.17,pcs,2025-10-22,MEDITEX INDUSTRIES SDN. BHD.
B.M-FABR,PC151-09,FABRIC,ROLL,417.2,12.10,pcs,2025-12-10,MEDITEX INDUSTRIES SDN. BHD.
B.M-FABR,PC151-10,FABRIC,ROLL,0,,,,
B.M-FABR,PC151-11,FABRIC,ROLL,841.1,12.02,pcs,2026-03-26,MEDITEX INDUSTRIES SDN. BHD.
B.M-FABR,PC151-12,FABRIC,ROLL,596.9,11.93,pcs,2026-03-09,MEDITEX INDUSTRIES SDN. BHD.
B.M-FABR,PC151-13,FABRIC,ROLL,3694.7,9.51,pcs,2026-01-29,HOUZS CENTURY SDN BHD
B.M-FABR,PC151-14,FABRIC,ROLL,2724,9.51,pcs,2026-01-29,HOUZS CENTURY SDN BHD
B.M-FABR,PC151-15,FABRIC,ROLL,0,,,,
B.M-FABR,PC151-16,FABRIC,ROLL,204,12.09,pcs,2025-12-03,MEDITEX INDUSTRIES SDN. BHD.
B.M-FABR,PC151-17,FABRIC,ROLL,6195.7,8.50,pcs,2026-01-29,HOUZS CENTURY SDN BHD
B.M-FABR,PC151-18,FABRIC,MTR,2034.2,13.50,pcs,2025-12-03,INFAB CLASSIC INDUSTRIES SDN BHD
B.M-FABR,SF-AT-15,FABRIC,METER,0,,,,
B.M-FABR,SOFA 5535,5535 (3+L),UNIT,-3,,,,
B.M-FABR,SQUARE PILLOW,"SQUARE PILLOW (16"" X 16"")",UNIT,-19,,,,
B.M-FABR,STAR 01,FABRIC,MTR,16,14.00,pcs,2025-10-10,MEDITEX INDUSTRIES SDN. BHD.
B.M-FABR,STAR 02,FABRIC,MTR,0,,,,
B.M-FABR,STAR 05,FABRIC,MTR,14,14.00,pcs,2025-11-17,MEDITEX INDUSTRIES SDN. BHD.
B.M-FABR,STAR 07,FABRIC,MTR,16,14.00,pcs,2025-10-10,MEDITEX INDUSTRIES SDN. BHD.
B.M-FABR,STAR 08,FABRIC,MTR,14,14.00,pcs,2025-11-17,MEDITEX INDUSTRIES SDN. BHD.
B.M-FABR,STAR 11,FABRIC,MTR,16,14.00,pcs,2025-11-17,MEDITEX INDUSTRIES SDN. BHD.
B.M-FABR,STAR 12,FABRIC,MTR,26,14.00,pcs,2025-11-01,MEDITEX INDUSTRIES SDN. BHD.
B.MECHAN,G GAS95G,STORAGE BED HINGE (GAS LIFT 950N),SET,1,105.00,pcs,2025-08-14,OCEAN SKY TRADING SDN. BHD.
B.MECHAN,SHR H137E-T,SOFA BLACK REST H137 EPOXY BLACK - T (10PCS X 1 BOX),PCS,520,18.50,pcs,2026-03-28,OCEAN SKY TRADING SDN. BHD.
B.OTHERS,ASC1007F,"C -1007F AIR STAPLES 5,000 PCS X 40 BOX (1CTN)",BOX,640,2.10,pcs,2026-02-12,OCEAN SKY TRADING SDN. BHD.
B.OTHERS,ASC1007F(B),"C-(BLACK) 1007F AIR STAPLES 5,000 PCS X 40 BOX (25CTN)",BOX,1800,2.30,pcs,2026-03-13,OCEAN SKY TRADING SDN. BHD.
B.OTHERS,ASC1010F,"C -1010F AIR STAPLES 5,000PCS X 40 BOX",BOX,240,2.50,pcs,2026-03-07,OCEAN SKY TRADING SDN. BHD.
B.OTHERS,ASC1019J,"C-1019J AIR STAPLES 5,000 PCS X 20 BOX (2CTN)",BOX,580,7.40,pcs,2026-01-27,OCEAN SKY TRADING SDN. BHD.
B.OTHERS,ASC425,"C-425 AIR STAPLES 5,000 PCS X 10BOX(1CTN)",BOX,120,13.80,pcs,2026-03-07,OCEAN SKY TRADING SDN. BHD.
B.OTHERS,ASC438,"OS-438 AIR STAPLES 5,000 PCS X 10 BOX (3CTN)",BOX,480,16.50,pcs,2026-03-07,OCEAN SKY TRADING SDN. BHD.
B.OTHERS,ASCN50,C-850 AIR STAPLES (N50),CTN,4,109.00,pcs,2026-01-08,OCEAN SKY TRADING SDN. BHD.
B.OTHERS,BN 1342,"BONDED NYLON THREAD CODE : 1342 40/3 2,500METER",ROLL,8,18.00,pcs,2025-10-07,OCEAN SKY TRADING SDN. BHD.
B.OTHERS,BN 565,"BONDED NYLON THREAD CODE : 565, 40/3 (2,500METER)",ROLL,20,18.00,pcs,2026-03-05,OCEAN SKY TRADING SDN. BHD.
B.OTHERS,BN 605,"BONDED NYLON THREAD CODE: 605 40/3 (2,500 METER (10ROLL X 1 BOX)",ROLL,10,18.00,pcs,2026-03-05,OCEAN SKY TRADING SDN. BHD.
B.OTHERS,BN 608,"BONDED NYLON THREAD CODE: 608 40/3 (2,500 METER (10ROLL X 1 BOX)",ROLL,20,18.00,pcs,2026-01-13,OCEAN SKY TRADING SDN. BHD.
B.OTHERS,BN 614,"BONDED NYLON THREAD CODE : 614 40/3 2,500METER",ROLL,0,,,,
B.OTHERS,BN 622,"BONDED NYLON THREAD CODE : 622, 40/3 (2,500METER)",ROLL,10,18.00,pcs,2025-07-08,OCEAN SKY TRADING SDN. BHD.
B.OTHERS,BN 629,"BONDED NYLON THREAD CODE : 629 40/3 2,500METER",ROLL,58,18.00,pcs,2026-02-05,OCEAN SKY TRADING SDN. BHD.
B.OTHERS,BN 643,"BONDED NYLON THREAD CODE : 643, 40/3 (2,500METER)",ROLL,10,18.00,pcs,2025-07-09,OCEAN SKY TRADING SDN. BHD.
B.OTHERS,BN 651,"BONDED NYLON THREAD CODE:651 40/3 2,500 METER",ROLL,34,18.00,pcs,2025-12-23,OCEAN SKY TRADING SDN. BHD.
B.OTHERS,BN 658,"BONDED NYLON THREAD CODED : 658, 40/3 (2,500METER)",ROLL,10,18.00,pcs,2025-07-08,OCEAN SKY TRADING SDN. BHD.
B.OTHERS,BN 659,"BONDED NYLON THREAD CODE : 658, 40/3 (2,500METER)",ROLL,10,18.00,pcs,2025-07-08,OCEAN SKY TRADING SDN. BHD.
B.OTHERS,BN 663,"BONDED NYLON THREAD CODE : 663, 40/3 (2,500 METER)",ROLL,10,18.00,pcs,2025-07-15,OCEAN SKY TRADING SDN. BHD.
B.OTHERS,BN 668,"BONDED NYLON THREAD CODE: 668 40/ 3 (2,500 METER) ( 10ROLL X 1 BOX)",10,20,18.00,pcs,2026-01-13,OCEAN SKY TRADING SDN. BHD.
B.OTHERS,BN 679,"BONDED NYLOON THREAD CODE : 679, 40/3 (2,500 METER)",ROLL,10,18.00,pcs,2025-07-15,OCEAN SKY TRADING SDN. BHD.
B.OTHERS,BN 681,"BONDED NYLON THREAD CODE : 681 40/3 2,500METER",ROLL,93,18.00,pcs,2026-01-06,OCEAN SKY TRADING SDN. BHD.
B.OTHERS,BP 100,"BONDED NYLON THREAD CODE : 100 30/3 2,800METER",ROLL,83,18.00,pcs,2026-01-06,OCEAN SKY TRADING SDN. BHD.
B.OTHERS,CALK (B),"ROYAL CHALK COLOUR (MIX) (6 BOX X 2 CTN) YELLOW, BLUE, WHITE",BOX,44,6.80,pcs,2026-03-11,OCEAN SKY TRADING SDN. BHD.
B.OTHERS,CALK (Y),"ROYAL CHALK COLOUR (BLUE,WHITE,YELLOW,RED)",BOX,4,6.80,pcs,2026-02-12,OCEAN SKY TRADING SDN. BHD.
B.OTHERS,CS 9.4,CORD STRING 9.4MM,KG,4,21.00,pcs,2025-09-09,OCEAN SKY TRADING SDN. BHD.
B.OTHERS,CS 9.5,CORD STRING 9.5MM,KG,47,21.00,pcs,2026-01-13,OCEAN SKY TRADING SDN. BHD.
B.OTHERS,DB 36,BUTTON NO. 36,PCS,2000,0.07,pcs,2025-12-03,OCEAN SKY TRADING SDN. BHD.
B.OTHERS,DB 36M,BUTTON #36 MOULD,SET,2,65.00,pcs,2025-12-03,OCEAN SKY TRADING SDN. BHD.
B.OTHERS,DB M,BUTTON MACHINE,UNIT,2,185.00,pcs,2025-12-03,OCEAN SKY TRADING SDN. BHD.
B.OTHERS,POLY (B),THREAD (WHITE) BUTTON - CHINA,ROLL,4,9.00,pcs,2025-08-07,OCEAN SKY TRADING SDN. BHD.
B.OTHERS,POLY(S),TKTI20 2PLY 400 GRAMS S.P.T WHITE / SMALL,ROLL,30,11.90,pcs,2026-03-02,OCEAN SKY TRADING SDN. BHD.
B.OTHERS,SCRW 12X1,"SELF DRILLING SCREW #12 X 1"" (500 PCS X 1 BOX)",PCS,1000,0.13,pcs,2025-10-13,OCEAN SKY TRADING SDN. BHD.
B.OTHERS,SCRW(M4X25)-R,"CHIP BOARD SCREWS (CSL) M4 X 25 (RB) (25,000 PCS/1 BOX)",PCS,100000,0.01,pcs,2026-03-10,OCEAN SKY TRADING SDN. BHD.
B.OTHERS,SCRW(M4X38)-R,CHIP BOARD SCREWS (CSK) M4 X 38 (RB),PCS,135000,0.02,pcs,2026-02-07,OCEAN SKY TRADING SDN. BHD.
B.OTHERS,SCRW(M4X50)-R,"CHIP BOARD SCREWS (CSK) M4 X 50 (RB) (8,000 PCS/1 BOX)",PCS,32000,0.03,pcs,2026-02-07,OCEAN SKY TRADING SDN. BHD.
B.OTHERS,SCRW12X50C,SELF DRILLING SCREW #12 X 50MM,PCS,12500,0.12,pcs,2026-02-07,OCEAN SKY TRADING SDN. BHD.
B.OTHERS,SCRW625,"MACHINE S.B+MS M6 X25 ZY LOOSE 1/2 BOX = 2,000 PCS",PCS,5000,0.28,pcs,2026-03-16,OCEAN SKY TRADING SDN. BHD.
B.OTHERS,SCRW870J,SCREW JCBB M8 X 70MM,PCS,0,,,,
B.OTHERS,SG 1133,SOFA GLUE 1133 A5-N (12KG),TIN,173,95.00,pcs,2026-03-11,OCEAN SKY TRADING SDN. BHD.
B.OTHERS,SLIDER-5 (S),"PK SLIDER #5 (NICKER) (1,000 PCS/1 BOX)",PCS,4000,0.15,pcs,2026-03-05,OCEAN SKY TRADING SDN. BHD.
B.OTHERS,TN 8X10,TEE NUT M8 X 10,PCS,5000,0.12,pcs,2025-06-19,OCEAN SKY TRADING SDN. BHD.
B.OTHERS,UNMATCHED-NB-JACOB-K,NB-JACOB 2.0 (F) BEDFRAME (K),SET,1,820.00,pcs,2025-10-04,HOUZS CENTURY SDN BHD
B.OTHERS,"VT""1 (B) HKL","VELCO TAPE 1"" HOOK (BLACK) (25M)",MTR,2500,0.23,pcs,2025-12-26,OCEAN SKY TRADING SDN. BHD.
B.OTHERS,"VT""1 (B) LP","VELCO TAPE 1"" LOOP (BLACK) (25M)",MTR,2500,0.23,pcs,2025-12-26,OCEAN SKY TRADING SDN. BHD.
B.OTHERS,WB ELASTIC,ELASTIC WEBBING (WHITE) 10MM (288 YR/1 ROLL),ROLL,13,98.00,pcs,2026-03-05,OCEAN SKY TRADING SDN. BHD.
B.WEBB,WB150,WEBBING TAPE 150* (50 METER X 1 ROLL) (10 ROLL X 1 BOX),ROLL,60,18.00,pcs,2026-02-12,OCEAN SKY TRADING SDN. BHD.
B.WEBB,WB350A,WEBBING TAPE 350-A (50 METER X 1 ROLL) GREEN (10 ROLL X 1 BOX),ROLL,100,36.50,pcs,2026-02-12,OCEAN SKY TRADING SDN. BHD.
B.WEBB,WB470 G,WEBBING TAPE MLS 470 (50 METER X 1ROLL)( 1ROLL / 1 BOX),ROLL,20,42.00,pcs,2026-01-27,OCEAN SKY TRADING SDN. BHD.
EQUIPMEN,A.H (T),AIR HOSE (8.5 X 14.5MM X 100M) TAIWAN KINGTOYO YELLOW,ROLL,2,360.00,pcs,2026-03-26,OCEAN SKY TRADING SDN. BHD.
EQUIPMEN,AC 20SH,AIR COUPLER 20SH NITTO (5PCS X 2 BOX) MADE IN JAPAN,PCS,30,19.80,pcs,2025-12-02,OCEAN SKY TRADING SDN. BHD.
EQUIPMEN,AP 20PF,AIR PLUG 20 PF,PCS,20,6.80,pcs,2025-12-02,OCEAN SKY TRADING SDN. BHD.
EQUIPMEN,AP 20PH,AIR PLUG 20 PH,PCS,40,6.80,pcs,2025-12-02,OCEAN SKY TRADING SDN. BHD.
EQUIPMEN,AP 20PM,AIR PLUG 20 PM,PCS,20,6.80,pcs,2025-12-02,OCEAN SKY TRADING SDN. BHD.
EQUIPMEN,CB16-101 E1,16MM 1830 X 2440MM CHIPBOARD 2/S WHITE (MUF) E1,PCS,0,,,,
EQUIPMEN,FC 22,FOAM CUTTER 22MM,PCS,1,38.00,pcs,2025-08-09,OCEAN SKY TRADING SDN. BHD.
EQUIPMEN,G M66,AIR TACKER M66 MATTRESS CLIP FUN MADE IN TAIWAN,UNIT,2,830.00,pcs,2025-10-07,OCEAN SKY TRADING SDN. BHD.
EQUIPMEN,GBEX 1010F,AIR TACKER BEX 1010F - MADE IN TAIWAN,UNIT,4,275.00,pcs,2025-08-02,OCEAN SKY TRADING SDN. BHD.
EQUIPMEN,GBEX 16851/850,AIR TACKER BEX 16851/850 MADE IN TAIWAN,UNIT,2,1070.00,pcs,2025-11-14,OCEAN SKY TRADING SDN. BHD.
EQUIPMEN,GBEX 90/40,AIR TACKER BEX 90/40,UNIT,11,520.00,pcs,2026-03-03,OCEAN SKY TRADING SDN. BHD.
EQUIPMEN,GM 1022J,AIR TACKER MEITE TA33A/1022J,UNIT,6,100.00,pcs,2026-02-02,OCEAN SKY TRADING SDN. BHD.
EQUIPMEN,GUSF 2312,AIR TACKER UNICATCH USF 2312,UNIT,23,268.00,pcs,2025-12-22,OCEAN SKY TRADING SDN. BHD.
EQUIPMEN,KN 14,"C-KNIFE STAINLESS STEEL 14""",PCS,4,22.00,pcs,2026-01-08,OCEAN SKY TRADING SDN. BHD.
EQUIPMEN,KN 14M,"(M)KNIFE STAINLESS STEEL-WOOD HANDLE 14""",PCS,4,25.00,pcs,2026-02-07,OCEAN SKY TRADING SDN. BHD.
EQUIPMEN,ND 12,"STAINLESS STEEL NEEDLE 12""",PCS,2,12.00,pcs,2025-08-11,OCEAN SKY TRADING SDN. BHD.
EQUIPMEN,ND 8,"STAINLESS STEEL NEEDLE 8""",PCS,2,8.00,pcs,2025-08-11,OCEAN SKY TRADING SDN. BHD.
EQUIPMEN,RULER,RULER WOOD,PCS,8,15.00,pcs,2026-02-02,OCEAN SKY TRADING SDN. BHD.
EQUIPMEN,RULER L,RULER PLASTIC 'L' SHAPE,PCS,4,6.80,pcs,2026-02-12,OCEAN SKY TRADING SDN. BHD.
EQUIPMEN,SC 12,"SCISSORS 12""",PCS,17,88.00,pcs,2026-02-07,OCEAN SKY TRADING SDN. BHD.
EQUIPMEN,SC 7,"SCISSORS 7""",PCS,8,9.00,pcs,2026-03-07,OCEAN SKY TRADING SDN. BHD.
EQUIPMEN,SD Y,SCREW DRIVER Y,PCS,13,9.00,pcs,2026-02-05,OCEAN SKY TRADING SDN. BHD.
EQUIPMEN,SGUN 827,SPRAY GUN 827 2.0 MM (WHITE) WITH AIR CUP SET,UNIT,18,150.00,pcs,2026-03-13,OCEAN SKY TRADING SDN. BHD.
EQUIPMEN,UNMATCHED-SPRAY-GUN,SPRAY GUN827 2.0MM (WHITE) WITH AIR CUP SET,UNIT,2,150.00,pcs,2025-06-12,OCEAN SKY TRADING SDN. BHD.
MAINTENA,0000,SERVICE CHARGES REPAIR UNICATCH USF 2312 (1),UNIT,14,10.00,pcs,2026-03-12,OCEAN SKY TRADING SDN. BHD.
MAINTENA,BEX(S) 208,SPRING,PCS,4,18.00,pcs,2026-03-12,OCEAN SKY TRADING SDN. BHD.
MAINTENA,BEX(S) 210,O-RING,PCS,4,4.00,pcs,2025-10-02,OCEAN SKY TRADING SDN. BHD.
MAINTENA,BEX1010 111,O-RING,PCS,2,5.00,pcs,2025-12-16,OCEAN SKY TRADING SDN. BHD.
MAINTENA,BEX1010 113,O-RING,PCS,2,5.00,pcs,2025-12-16,OCEAN SKY TRADING SDN. BHD.
MAINTENA,BEX1010 115,O-RING,PCS,2,5.00,pcs,2025-12-16,OCEAN SKY TRADING SDN. BHD.
MAINTENA,BEX1010 120,BUMPER,PCS,2,10.00,pcs,2025-12-16,OCEAN SKY TRADING SDN. BHD.
MAINTENA,JIE 04,SEAL,PCS,2,5.00,pcs,2025-12-16,OCEAN SKY TRADING SDN. BHD.
MAINTENA,JIE 10,O-RING,PCS,2,4.00,pcs,2025-12-16,OCEAN SKY TRADING SDN. BHD.
MAINTENA,JIE 13,O-RING,PCS,2,4.00,pcs,2025-12-16,OCEAN SKY TRADING SDN. BHD.
MAINTENA,JIE 15,O-RING,PCS,2,4.00,pcs,2025-12-16,OCEAN SKY TRADING SDN. BHD.
MAINTENA,SERVICE CHARGE,SERVICE CHARGE,UNIT,2,55.00,pcs,2025-10-14,OCEAN SKY TRADING SDN. BHD.
MAINTENA,USF 10,O-RING,PCS,8,4.00,pcs,2025-12-16,OCEAN SKY TRADING SDN. BHD.
MAINTENA,USF 11,PISTON O-RING,PCS,6,4.00,pcs,2025-11-08,OCEAN SKY TRADING SDN. BHD.
MAINTENA,USF 12,DRIVER UNIT ORIGINAL,PCS,2,39.00,pcs,2025-12-16,OCEAN SKY TRADING SDN. BHD.
MAINTENA,USF 13,O-RING,PCS,8,4.00,pcs,2025-12-16,OCEAN SKY TRADING SDN. BHD.
MAINTENA,USF 15,O-RING,PCS,8,4.00,pcs,2025-12-16,OCEAN SKY TRADING SDN. BHD.
MAINTENA,USF 17,BUMPER,PCS,2,10.00,pcs,2025-12-16,OCEAN SKY TRADING SDN. BHD.
MAINTENA,USF 3,PU EXHAUST SEAL,PCS,8,5.00,pcs,2025-12-16,OCEAN SKY TRADING SDN. BHD.
MAINTENA,USF 4,CAR SPRING,PCS,8,5.00,pcs,2025-12-16,OCEAN SKY TRADING SDN. BHD.
OTHERS,15MM 4' X 8',15MM 4' X 8' CHIPBOARD,PCS,60,30.00,pcs,2026-03-31,ADD WOORD TRADING SDN. BHD.
OTHERS,OPN,OPEN FIBER (SH) (12KG X 2 BAG),KG,24,6.50,pcs,2026-02-05,OCEAN SKY TRADING SDN. BHD.
OTHERS,OPN W,OPEN FIBER (WHITE) (10KG X 2 BAG),KG,20,6.50,pcs,2026-02-05,OCEAN SKY TRADING SDN. BHD.
PACKING,CBP 53,"BROWN SINGLE FACER SHEET 53"" ( 30KG X 5 ROLL)",ROLL,458,75.00,pcs,2026-03-26,OCEAN SKY TRADING SDN. BHD.
PACKING,OPP80,OPP TAPE 80YR (96 ROLL/1BOX),ROLL,2976,1.68,pcs,2026-03-13,OCEAN SKY TRADING SDN. BHD.
PACKING,PB72,"PLASTIC LONG 72"" GRADE (B) TUBING",KG,1174,6.80,pcs,2026-03-07,OCEAN SKY TRADING SDN. BHD.
PACKING,PB72H,"PLASTIC LONG 72"" GRADE (B) TUBING - HOLE",KG,3206,6.80,pcs,2026-01-15,OCEAN SKY TRADING SDN. BHD.
PACKING,PB86,"PLASTIC LONG 86"" X 0.07MM TUBING",KG,483.9,7.00,pcs,2025-10-02,OCEAN SKY TRADING SDN. BHD.
PACKING,PB86H,"PLASTIC LONG 86"" X 0.07MM TUBING - HOLE",KG,2538,7.00,pcs,2026-01-15,OCEAN SKY TRADING SDN. BHD.
PACKING,PBB70120,"PLASTIC BAG 70"" X 120"" GRADE (B) (25KG X 1BAG)",KG,575,6.80,pcs,2026-03-13,OCEAN SKY TRADING SDN. BHD.
PACKING,PBB7096,"PLASTIC BAG 70"" X 96"" GRADE (B) (25KG X 1BAG)",KG,75,6.80,pcs,2025-08-19,OCEAN SKY TRADING SDN. BHD.
PACKING,SL 156,"NO.156 CORNER PROTECTOR 40MM X 40MM X 40MM (6,600 PCS/ 1CTN)",PCS,13200,0.11,pcs,2025-07-05,OCEAN SKY TRADING SDN. BHD.
PACKING,SL 157,"NO.157 CORNER PROTECTOR 75MM X 75MM X 75MM (1,600 PCS/ 1CTN)",PCS,92800,0.16,pcs,2026-03-13,OCEAN SKY TRADING SDN. BHD.
PLYWOOD,18MM 4' X 8',18MM 4' X 8' MR AA PLYWOOD,PCS,61,68.00,pcs,2026-03-31,ADD WOORD TRADING SDN. BHD.
PLYWOOD,5.5 MDF/B,5.5MM 950 X 1840MM MDF BOARD,PCS,4346,9.80,pcs,2026-03-31,ADD WOORD TRADING SDN. BHD.
PLYWOOD,6MM MDF/B,6MM 4' X 8' MDF BOARD,PCS,540,25.00,PCS,2026-05-08,400-A002 - ADD WOORD TRADING SDN. BHD.
PLYWOOD,9MM 4' X 8',9MM 4' X 8' MR AA PLYWOOD,PCS,4026,26.00,pcs,2026-03-31,ADD WOORD TRADING SDN. BHD.
PLYWOOD,CLM-18MM 4' X 8',18MM 4' X 8' MR AA PLYWOOD,PCS,310,68.00,pcs,2026-01-20,CLM ETERNAL SDN BHD
PLYWOOD,CLM-2.5MM MDF/B,2.5MM 4' X 8' MDF BOARD,PCS,20,10.50,pcs,2025-10-27,CLM ETERNAL SDN BHD
PLYWOOD,CLM-5.5 MDF/B,5.5MM 950 X 1840MM MDF BOARD,PCS,3960,10.00,pcs,2026-01-20,CLM ETERNAL SDN BHD
PLYWOOD,CLM-6MM MDF/B,6MM 4' X 8' MDF BOARD,PCS,1630,23.00,pcs,2026-03-30,CLM ETERNAL SDN BHD
PLYWOOD,CLM-9MM 4' X 8',9MM 4' X 8' MR AA PLYWOOD,PCS,1752,32.00,pcs,2026-01-20,CLM ETERNAL SDN BHD
PLYWOOD,PLY/C,"9MM 4"" X 8"" PLYWOOD COMM",PCS,110,32.00,pcs,2025-07-17,ADD WOORD TRADING SDN. BHD.
PLYWOOD,UNMATCHED-FINGER-JOINT-1X2X12,FINGER JOINT 1' X 2' X 12',PCS,240,0.80,pcs,2025-08-20,ADD WOORD TRADING SDN. BHD.
R&D,CBP 1000,"LAMINATED GREY CGIPBOARD 1,000 GM 31"" X 43"" (20PCS/2PACK)",PCS,1920,4.40,pcs,2026-03-17,OCEAN SKY TRADING SDN. BHD.
R&D,CBP 700,"GREY CHIPBOARD 700 GM 31"" X 43"" (50PCS / 1 PACK)",PCS,650,2.60,pcs,2026-03-02,OCEAN SKY TRADING SDN. BHD.
R&D,CHIPBOARD WHITE 6X8 E1,CHIPBOARD WHITE 6X8 E1,PCS,10,75.00,pcs,2025-12-20,CLM ETERNAL SDN BHD
S-FABRIC,FAB 51BLK-A,"51"" FABRIC BLACK (A) (1ROLL X 328YARD)",YRD,656,1.32,pcs,2026-02-07,OCEAN SKY TRADING SDN. BHD.
S-FABRIC,GB75.63.300(SH),NON WOVEN BLACK,ROLL,30,240.00,pcs,2026-03-10,MEDITEX INDUSTRIES SDN. BHD.
S-FABRIC,LC5 (B),LONG CHAIN NYLON #5 BLACK/580,MTR,400,0.33,pcs,2025-11-24,OCEAN SKY TRADING SDN. BHD.
S-FABRIC,LC5 (W),LONG CHAIN NYLON #5 WHITE/500,MTR,800,0.33,pcs,2026-03-11,OCEAN SKY TRADING SDN. BHD.
S-FABRIC,NW63X75(B),"NON WOVEN 63"" X 75GM (BLACK) (250 METER)",MTR,27000,0.95,pcs,2026-01-22,OCEAN SKY TRADING SDN. BHD.
S-FABRIC,POLY 20MM(B),20MM WEAVING TAPE RAW (BLACK) (100 METER X 1 ROLL),MTR,2400,0.32,pcs,2026-01-13,OCEAN SKY TRADING SDN. BHD.
S.ACC,BRACKET/GD,BRACKET GOLD 1.8MM,PCS,1008,0.38,pcs,2025-12-02,OCEAN SKY TRADING SDN. BHD.
S.FILLER,"NHL-NC36/50-1.5""",DARK PINK SPONGE,PCS,86,44.39,pcs,2026-03-30,NHL MANUFACTURING SDN BHD
S.FILLER,"NHL-NC36/50-3""",DARK PINK SPONGE,PCS,196,88.77,pcs,2026-03-30,NHL MANUFACTURING SDN BHD
S.FILLER,"NHL-NC36/60-3""",GREEN SPONGE,PCS,68,88.77,pcs,2026-03-30,NHL MANUFACTURING SDN BHD
S.FILLER,"NHL-NC42/40-3""",PURPLE SPONGE,PCS,14,97.68,pcs,2025-11-15,NHL MANUFACTURING SDN BHD
S.FILLER,"NHL-NC42/50-2.5""",YELLOW SPONGE,PCS,16,81.40,pcs,2025-11-15,NHL MANUFACTURING SDN BHD
S.FILLER,"NLY-D25-1.5""",DARK GREY SPONGE,PCS,0,,,,
S.FILLER,"NLY-D25-3""",DARK GREY SPONGE,PCS,42,60.00,pcs,2026-03-27,NLY SDN BHD
S.FILLER,"NLY-D32-1""",YELLOW SPONGE,PCS,180,25.00,pcs,2026-03-27,NLY SDN BHD
S.FILLER,"NLY-D35-2.5""",ORANGE SPONGE,PCS,98,68.50,pcs,2026-03-11,NLY SDN BHD
S.FILLER,"NLY-D35-3""",ORANGE SPONGE,PCS,242,82.20,pcs,2026-03-27,NLY SDN BHD
S.FILLER,"NLY-D36-2""",LIGHT GREY SOFT SPONGE,PCS,0,,,,
S.FILLER,"NLY-D38-1.5""",LIGHT BLUE SPONGE,PCS,60,44.70,pcs,2026-02-11,NLY SDN BHD
S.FILLER,"NLY-D38-3""",LIGHT BLUE SPONGE,PCS,14,89.40,pcs,2025-10-07,NLY SDN BHD
S.FILLER,PS41463C,"C-POCKET SPRING(41CM X 46CM X 46CM X 7.5)3"" (15PCS X 1BAG)",PCS,450,7.50,pcs,2026-03-19,OCEAN SKY TRADING SDN. BHD.
S.FILLER,PS4146NTC,"NTC-POCKET SPRING 41CM X 46CM X 10CM 4"" 6X7 2.0MM (15 PCS/1 BAG)",PCS,120,6.90,pcs,2025-12-30,OCEAN SKY TRADING SDN. BHD.
S.FILLER,PSF0.9-051SS(L),0.9D X 51MM SS MICROFIBER 10KGS/BAG,KG,20,10.50,pcs,2025-12-04,MEDITEX INDUSTRIES SDN. BHD.
S.FILLER,UNMATCHED-NLY25DG-12MM,1875X1050X12MM NLY25D/G D/GREY SPONGE,PCS,80,10.00,pcs,2025-09-17,NLY SDN BHD
S.M-FABR,AH-1,IVORY,METER,0,,,,
S.M-FABR,AM275-1,IVORY,MTR,70,21.00,pcs,2026-03-10,SUNMAT INDUSTRIES SDN. BHD
S.M-FABR,AM275-2,FABRIC,METER,0,,,,
S.M-FABR,BN125-4,FOSSIL,MTR,16,24.20,pcs,2026-01-28,SUNMAT INDUSTRIES SDN. BHD
S.M-FABR,BO315-1,PEARL,MTR,177.4,20.00,pcs,2026-03-03,SUNMAT INDUSTRIES SDN. BHD
S.M-FABR,BO315-11,METAL,MTR,58,21.00,pcs,2026-03-17,SUNMAT INDUSTRIES SDN. BHD
S.M-FABR,BO315-12,DEEP GREY,MTR,50,21.00,pcs,2026-03-11,SUNMAT INDUSTRIES SDN. BHD
S.M-FABR,BO315-2,FABRIC,METER,0,,,,
S.M-FABR,BO315-21,PEARL,MTR,114.1,21.00,pcs,2026-03-19,SUNMAT INDUSTRIES SDN. BHD
S.M-FABR,BO315-22,FEATHER,MTR,191,20.00,pcs,2026-03-03,SUNMAT INDUSTRIES SDN. BHD
S.M-FABR,BO315-23,BEIGE,MTR,150,21.00,pcs,2026-03-28,SUNMAT INDUSTRIES SDN. BHD
S.M-FABR,BO315-24,FABRIC,METER,0,,,,
S.M-FABR,BO315-25,FOSSIL,METER,96,20.21,pcs,2026-02-10,SUNMAT INDUSTRIES SDN. BHD
S.M-FABR,BO315-3,BEIGE,MTR,90,20.27,pcs,2026-02-10,SUNMAT INDUSTRIES SDN. BHD
S.M-FABR,BO315-31,METAL,METER,0,,,,
S.M-FABR,BO315-32,DEEP GREY,MTR,26.5,21.00,pcs,2026-03-09,SUNMAT INDUSTRIES SDN. BHD
S.M-FABR,BO315-4,FABRIC,METER,0,,,,
S.M-FABR,BO315-5,FOSSIL,MTR,34,21.00,pcs,2026-03-16,SUNMAT INDUSTRIES SDN. BHD
S.M-FABR,BO315-7,PEACH,METER,0,,,,
S.M-FABR,BO315-8,SKY,MTR,0,,,,
S.M-FABR,BO315-9,BO315-9 Mint,MTR,0,,,,
S.M-FABR,CASSNYE 07,FABRIC,METER,0,,,,
S.M-FABR,CASSNYE-07,FABRIC CASSNYE-07,MTR,48,22.46,MTR,2026-05-08,400-H002 - HUGYP MADE INDUSTRIES SDN. BHD.
S.M-FABR,CH141-1,CREAM,MTR,100,21.00,pcs,2026-02-10,SUNMAT INDUSTRIES SDN. BHD
S.M-FABR,CH141-10,OCEAN,METER,0,,,,
S.M-FABR,CH141-11,SILVER,MTR,141.5,21.25,pcs,2026-02-10,SUNMAT INDUSTRIES SDN. BHD
S.M-FABR,CH141-12,METAL,METER,0,,,,
S.M-FABR,CH141-13,DEEP GREY,MTR,36,22.00,pcs,2026-03-13,SUNMAT INDUSTRIES SDN. BHD
S.M-FABR,CH141-14,CHARCOAL,MTR,94,21.00,pcs,2026-02-10,SUNMAT INDUSTRIES SDN. BHD
S.M-FABR,CH141-2,BEIGE,MTR,108,21.16,pcs,2026-02-10,SUNMAT INDUSTRIES SDN. BHD
S.M-FABR,CH141-3,KHAKI,METER,0,,,,
S.M-FABR,CH141-4,WOOD,METER,0,,,,
S.M-FABR,CH141-5,PEARL,MTR,8,22.00,pcs,2026-03-03,SUNMAT INDUSTRIES SDN. BHD
S.M-FABR,CH141-6,PEACH,METER,0,,,,
S.M-FABR,CH141-7,WINE,MTR,6,22.00,pcs,2026-03-09,SUNMAT INDUSTRIES SDN. BHD
S.M-FABR,CH141-8,ARMY,METER,0,,,,
S.M-FABR,CH141-9,SKY,METER,0,,,,
S.M-FABR,F-AH-1,IVORY,MTR,298,15.00,pcs,2026-01-21,SUNMAT INDUSTRIES SDN. BHD
S.M-FABR,F-BO315-31,METAL,MTR,36,21.00,pcs,2026-01-14,SUNMAT INDUSTRIES SDN. BHD
S.M-FABR,F-BO315-7,PEACH,MTR,4,21.00,pcs,2026-02-07,SUNMAT INDUSTRIES SDN. BHD
S.M-FABR,FABRIC HR805-10,FABRIC HR805-10,MTR,36,22.61,pcs,2026-03-04,HEAP HENG LEONG SDN BHD
S.M-FABR,FABRIC HR805-90,FABRIC HR805-90,MTR,60,22.00,pcs,2026-03-04,HEAP HENG LEONG SDN BHD
S.M-FABR,GARFIELD-2 CHERVRON,FABRIC,METER,0,,,,
S.M-FABR,GD8371-02,BEETEX FABRIC,MTR,104,22.13,pcs,2026-03-10,GALLERY DOMINANCE SDN BHD
S.M-FABR,HR805-10,FABRIC,METER,0,,,,
S.M-FABR,HR923-1,FABRIC,METER,0,,,,
S.M-FABR,KN390-1,SOFA FABRIC KOONA VELVET PEARL,MTR,846.5,17.04,pcs,2026-02-02,SUNMAT INDUSTRIES SDN. BHD
S.M-FABR,KN390-13,SOFA FABRIC KOONA VELVET SILVER,MTR,440.7,17.04,pcs,2026-02-02,SUNMAT INDUSTRIES SDN. BHD
S.M-FABR,KN390-14,SOFA FABRIC KOONA METAL,MTR,524,17.06,pcs,2026-02-02,SUNMAT INDUSTRIES SDN. BHD
S.M-FABR,KN390-15,SOFA FABRIC KOONA DEEP GREY,MTR,110,17.00,pcs,2026-01-13,SUNMAT INDUSTRIES SDN. BHD
S.M-FABR,KN390-2,SOFA FABRIC KOONA VELVET SAND,MTR,600.8,17.13,pcs,2026-02-02,SUNMAT INDUSTRIES SDN. BHD
S.M-FABR,KN390-3,SOFA FABRIC KOONA VELVET FOSSIL,MTR,132,17.00,pcs,2026-01-13,SUNMAT INDUSTRIES SDN. BHD
S.M-FABR,KN390-4,SOFA FABRIC KOONA VELVET,M,0,,,,
S.M-FABR,KN390-5,SOFA FABRIC KOONA VELVET TAN,MTR,36,18.00,pcs,2026-01-21,SUNMAT INDUSTRIES SDN. BHD
S.M-FABR,M2402-1,PEARL,MTR,270.6,19.00,pcs,2026-02-02,SUNMAT INDUSTRIES SDN. BHD
S.M-FABR,M2402-13,FOREST,MTR,76,20.00,pcs,2026-03-11,SUNMAT INDUSTRIES SDN. BHD
S.M-FABR,M2402-17,SILVER,MTR,180.6,19.21,pcs,2026-03-13,SUNMAT INDUSTRIES SDN. BHD
S.M-FABR,M2402-18,LIGHT GREY,MTR,90,19.00,pcs,2026-01-13,SUNMAT INDUSTRIES SDN. BHD
S.M-FABR,M2402-4,SAND,MTR,208.6,19.09,pcs,2026-02-10,SUNMAT INDUSTRIES SDN. BHD
S.M-FABR,M2402-5,LIGHT BROWN,MTR,87.8,19.00,pcs,2026-02-06,SUNMAT INDUSTRIES SDN. BHD
S.M-FABR,M2402-6,FOSSIL,MTR,92,19.17,pcs,2026-02-02,SUNMAT INDUSTRIES SDN. BHD
S.M-FABR,M2402-7,DARK BROWN,METER,0,,,,
S.M-FABR,NINJA 01,FABRIC,MTR,211.5,16.00,pcs,2026-01-02,INFAB CLASSIC INDUSTRIES SDN BHD
S.M-FABR,NINJA 02,FABRIC,MTR,328,16.00,pcs,2026-01-02,INFAB CLASSIC INDUSTRIES SDN BHD
S.M-FABR,NINJA 03,FABRIC,MTR,96.3,16.00,pcs,2026-01-02,INFAB CLASSIC INDUSTRIES SDN BHD
S.M-FABR,NINJA 08,FABRIC,MTR,114.1,16.00,pcs,2026-01-06,INFAB CLASSIC INDUSTRIES SDN BHD
S.M-FABR,ORION-01,ORION-01,MTR,36,17.00,pcs,2026-03-17,HUGYP MADE INDUSTRIES SDN. BHD.
S.M-FABR,ORION-02,ORION-02,MTR,4,17.00,pcs,2026-03-17,HUGYP MADE INDUSTRIES SDN. BHD.
S.M-FABR,ORION-1,FABRIC,METER,0,,,,
S.M-FABR,ORION-5,ORION-5,MTR,38,17.00,pcs,2026-02-06,HUGYP MADE INDUSTRIES SDN. BHD.
S.M-FABR,PESTO-PT004,PESTO - OLIVE PT004-3 16. 5 M X 1,MTR,32,18.56,pcs,2025-11-05,INNOVATEX SDN. BHD.
S.M-FABR,UNMATCHED-PICCO-FG66151-11,PICCO FG66151-11 FABRIC,M,91.1,15.00,pcs,2025-07-07,INFAB CLASSIC INDUSTRIES SDN BHD
S.M-FABR,UNMATCHED-STAR-FABRIC-CLOUD,"STAR FABRIC, COLOR: CLOUD (#13)",M,17,14.00,pcs,2025-08-19,MEDITEX INDUSTRIES SDN. BHD.
S.M-FABR,ZL-3,FABRIC,METER,0,,,,
S.MECH,SHR H139E,SOFA BACK REST H139 EPOXY BLACK (10PCS X 1BOX),PCS,460,22.00,pcs,2026-03-28,OCEAN SKY TRADING SDN. BHD.
S.OTHERS,F EPE-100,EPE FOAM 3MM X 1M X 100M,MTR,6,115.00,pcs,2026-03-31,OCEAN SKY TRADING SDN. BHD.
S.OTHERS,OKE B,"OKE CLIP (BLACK) 100MM (1,500 PCS X 1 ROLL)",PCS,9000,0.14,pcs,2026-03-28,OCEAN SKY TRADING SDN. BHD.
S.OTHERS,SOFA 5531,1A(LHF) + 2A(RHF),SET,-12,,,,
S.WEBB,CL-72,MATTRESS CLIP CL-72 (6000PCS/1 BOX),BOX,4,63.00,pcs,2026-03-13,OCEAN SKY TRADING SDN. BHD.
S.WEBB,FABR (W) H,"98"" FABRIC NET WHITE HOLE (28 METER X 1 ROLL)",MTR,344,3.30,pcs,2026-03-26,OCEAN SKY TRADING SDN. BHD.
S.WEBB,IRON2.0,IRON METAL 2.0 MM (500 M/1 ROLL),MTR,2000,0.22,pcs,2026-03-13,OCEAN SKY TRADING SDN. BHD.
S.WEBB,ZS3.8,ZIP ZAG SPRING 3.8 MM (40 KG X 1 BAG),KG,480,5.00,pcs,2026-03-09,OCEAN SKY TRADING SDN. BHD.
S.WEBB,ZS51,ZIP ZAG SPRING 51 CM (500 PCS X 1 BAG),PCS,3000,1.70,pcs,2026-03-28,OCEAN SKY TRADING SDN. BHD.
S.WEBB,ZS53.5,ZIP ZAG SPRING 53.5 CM (500 PCS X 1 BAG),PCS,1000,1.90,pcs,2026-03-11,OCEAN SKY TRADING SDN. BHD.
WD STRIP,KEMPAS 1 X 2 X 3,KEMPAS 1 X 2 X 3 ' UP TANALIZED,TON,28,986.96,pcs,2026-03-28,PERNIAGAAN KL KAYUAN SDN. BHD.
WD STRIP,"MHW 1"" X 2""","MHW 1"" X 2"" X 3' UP TANALIZED",TON,112,907.47,pcs,2026-03-28,PERNIAGAAN KL KAYUAN SDN. BHD.
WD STRIP,R.MERANTI F/J,RED MERANTI FINGER JOINT 18MM X 43MM X 12FT,PCS,7460,0.80,pcs,2026-03-31,ADD WOORD TRADING SDN. BHD.
WD STRIP,YL/KPS 1 X 2 X 3,YL/KPS 1 X 2 X 3 ' UP TANALIZED,TON,16,1046.33,pcs,2026-01-14,PERNIAGAAN KL KAYUAN SDN. BHD.
